<?xml version="1.0" encoding="UTF-8"?>
<beans xmlns="http://www.springframework.org/schema/beans"
       xmlns:xsi="http://www.w3.org/2001/XMLSchema-instance" xmlns:context="http://www.springframework.org/schema/context"
       xsi:schemaLocation="
	http://www.springframework.org/schema/beans
	http://www.springframework.org/schema/beans/spring-beans.xsd
	http://www.springframework.org/schema/context
	http://www.springframework.org/schema/beans/spring-context.xsd">

    <import resource="classpath*:project-monitor.xml"/>

    <bean class="com.demo.project.monitor.util.EncryptPropertyPlaceholderConfigurer">
        <property name="locations">
            <value>classpath:jdbc.properties</value>
        </property>
        <property name="ignoreResourceNotFound" value="false"/>
    </bean>


    <bean id="demoService" class="com.demo.project.one.service.DemoService">
        <property name="dataSource" ref="dataSource"/>
    </bean>

</beans>